bamfile,mean_depth,sd_depth,mean_depth_nonzero,mean_depth_within2sd,median,proportion_of_reference_covered
/home/projects/dp_00007/people/hmon/Shucking/07_depth/ORNE_04_EKDL210004789-1a-AK11379-AK16266_HHJYYDSX2_L2_depth.gz,1.33215847124928,2.04799542511887,2.1332590277036,1.22018230092183,1,0.624471034201361
/home/projects/dp_00007/people/hmon/Shucking/07_depth/ORNE_05_EKDL210004789-1a-AK11718-AK16243_HHJYYDSX2_L2_depth.gz,1.4788672906677,2.00540600341499,2.2305791029826,1.35841218906277,1,0.662997016644963
/home/projects/dp_00007/people/hmon/Shucking/07_depth/ORNE_06_EKDL210004789-1a-AK11629-AK16249_HHJYYDSX2_L2_depth.gz,1.09780607423441,1.68506786548244,1.9024803054743,0.991168581887473,1,0.577039389619719
/home/projects/dp_00007/people/hmon/Shucking/07_depth/ORNE_07_EKDL210005548-1a-AK11685-AK16235_HHJKNDSX2_L4_depth.gz,1.31667083218137,1.96038945678027,2.07572651721802,1.22543393306914,1,0.634318067076699
/home/projects/dp_00007/people/hmon/Shucking/07_depth/ORNE_12_EKDL200012859-1a-AK11475-AK16282_HNLVYDSXY_L1_depth.gz,0.706677904293874,1.37161476089277,1.60887192453247,0.617181311791427,0,0.439238135440238
/home/projects/dp_00007/people/hmon/Shucking/07_depth/ORNE_13_EKDL210004790-1a-AK7685-AK16294_HHJYYDSX2_L3_depth.gz,1.01553335894389,2.33930809721491,1.87842878472457,0.955916417209191,1,0.540629150916995
/home/projects/dp_00007/people/hmon/Shucking/07_depth/ORNE_14_EKDL210004790-1a-AK11714-AK16250_HHJYYDSX2_L3_depth.gz,2.24640225361445,3.42559471887992,3.00879049382216,2.14871332530154,2,0.746613052064338
/home/projects/dp_00007/people/hmon/Shucking/07_depth/ORNE_15_EKDL210004790-1a-AK11177-AK16280_HHJYYDSX2_L3_depth.gz,0.417036071534579,1.57817388904594,1.39386811182601,0.387166997601096,0,0.299193351218979
