bamfile,mean_depth,sd_depth,mean_depth_nonzero,mean_depth_within2sd,median,proportion_of_reference_covered
/home/projects/dp_00007/people/hmon/Shucking/07_depth/KLEV_01_EKDL210004790-1a-AK4251-AK16229_HHJYYDSX2_L3_depth.gz,1.49972340879499,2.21192803958839,2.25164244812922,1.38001388895083,1,0.66605753060002
/home/projects/dp_00007/people/hmon/Shucking/07_depth/KLEV_02_EKDL210004790-1a-AK11168-AK16259_HHJYYDSX2_L3_depth.gz,1.75454720384511,2.63098833647104,2.48738472782944,1.67118434979506,1,0.70537829721914
/home/projects/dp_00007/people/hmon/Shucking/07_depth/KLEV_03_EKDL210004789-1a-AK11195-AK16227_HHJYYDSX2_L2_depth.gz,2.01961757227678,2.68675083166571,2.76966448085068,1.87117979330484,2,0.729192140867693
/home/projects/dp_00007/people/hmon/Shucking/07_depth/KLEV_06_EKDL210005548-1a-AK11177-AK16280_HHJKNDSX2_L4_depth.gz,1.34026720137683,1.97254831338326,2.10948935540853,1.24295797660828,1,0.635351488235912
/home/projects/dp_00007/people/hmon/Shucking/07_depth/KLEV_10_EKDL210004790-1a-AK11381-AK16293_HHJYYDSX2_L3_depth.gz,1.43129885589159,2.17683648964428,2.20642917769958,1.30913634802073,1,0.648694673891102
/home/projects/dp_00007/people/hmon/Shucking/07_depth/KLEV_11_EKDL210004789-1a-AK10139-AK9682_HHJYYDSX2_L2_depth.gz,2.26517926240475,3.21032128949701,2.99673193820708,2.13513759153914,2,0.755883178446644
/home/projects/dp_00007/people/hmon/Shucking/07_depth/KLEV_12_EKDL210005548-1a-AK11401-AK7949_HHJKNDSX2_L4_depth.gz,0.0594829742491034,2.01690625433055,2.45964610527671,0.0346677256618347,0,0.0241835498698521
