bamfile,mean_depth,sd_depth,mean_depth_nonzero,mean_depth_within2sd,median,proportion_of_reference_covered
/home/projects/dp_00007/people/hmon/Shucking/07_depth/VADE_01_EKDL210004788-1a-AK11629-AK16249_HHJYYDSX2_L1_depth.gz,1.71061785254535,2.33937972355554,2.4796804815181,1.57679201876692,1,0.689854142618432
/home/projects/dp_00007/people/hmon/Shucking/07_depth/VADE_02_EKDL210005548-1a-AK11630-AK16248_HHJKNDSX2_L4_depth.gz,0.0471209496428761,1.53589029669508,2.20852083507439,0.026474459316052,0,0.0213359769555045
/home/projects/dp_00007/people/hmon/Shucking/07_depth/VADE_05_EKDL210004788-1a-AK11591-AK16275_HHJYYDSX2_L1_depth.gz,1.88275164855688,3.1547314918457,2.6291991459841,1.79516973962177,2,0.716093207101787
/home/projects/dp_00007/people/hmon/Shucking/07_depth/VADE_07_EKDL210004788-1a-AK11692-AK16230_HHJYYDSX2_L1_depth.gz,1.54023388160833,2.09256970145706,2.2927973778777,1.39796811749151,1,0.671770604969099
/home/projects/dp_00007/people/hmon/Shucking/07_depth/VADE_08_EKDL210004789-1a-AK11440-AK16251_HHJYYDSX2_L2_depth.gz,1.17087358650851,1.89399811277739,1.98686651090597,1.03121896317283,1,0.589306619282955
