bamfile,mean_depth,sd_depth,mean_depth_nonzero,mean_depth_within2sd,median,proportion_of_reference_covered
/home/projects/dp_00007/people/hmon/Shucking/07_depth/FURI_02_EKDL210004789-1a-AK11520-AK16285_HHJYYDSX2_L2_depth.gz,1.48749183226715,1.98003900852933,2.25532591505904,1.35875066636837,1,0.659546286563368
/home/projects/dp_00007/people/hmon/Shucking/07_depth/FURI_03_EKDL210004789-1a-AK11528-AK14283_HHJYYDSX2_L2_depth.gz,3.74669892352662,4.95557489446883,4.58504694856952,3.49771754228569,3,0.817156065260115
/home/projects/dp_00007/people/hmon/Shucking/07_depth/FURI_06_EKDL210004789-1a-AK11160-AK9453_HHJYYDSX2_L2_depth.gz,1.60442788517853,2.37649676728786,2.38991943108645,1.47735181105605,1,0.671331369714532
/home/projects/dp_00007/people/hmon/Shucking/07_depth/FURI_07_EKDL210004788-1a-AK11710-AK16288_HHJYYDSX2_L1_depth.gz,2.66721055693968,3.01578786462357,3.40215427870768,2.47215175698628,2,0.783976956492729
/home/projects/dp_00007/people/hmon/Shucking/07_depth/FURI_08_EKDL210004788-1a-AK11375-AK16261_HHJYYDSX2_L1_depth.gz,2.0554942271307,3.16693341041376,2.79077202108134,1.95909370682256,2,0.736532476176313
/home/projects/dp_00007/people/hmon/Shucking/07_depth/FURI_09_EKDL200012859-1a-AK11656-AK574_HNLVYDSXY_L1_depth.gz,1.01086554038856,1.48328260592293,1.82912047966624,0.843014322198933,1,0.552651152084287
/home/projects/dp_00007/people/hmon/Shucking/07_depth/FURI_11_EKDL210004789-1a-AK11485-AK16252_HHJYYDSX2_L2_depth.gz,1.97739621628711,2.63620928978511,2.72787173224555,1.84146405159631,2,0.724886068839915
/home/projects/dp_00007/people/hmon/Shucking/07_depth/FURI_13_EKDL200012859-1a-AK11677-AK5989_HNLVYDSXY_L1_depth.gz,0.565089082802184,0.968971153453615,1.46906173706907,0.454431193564966,0,0.38465986046955
