bamfile,mean_depth,sd_depth,mean_depth_nonzero,mean_depth_within2sd,median,proportion_of_reference_covered
/home/projects/dp_00007/people/hmon/Shucking/07_depth/Lurida_01_EKDL210004788-1a-AK11677-AK5989_HHJYYDSX2_L1_depth.gz,0.377605066068463,9.72141540740686,3.41738593561352,0.280369795818272,0,0.110495294702708
/home/projects/dp_00007/people/hmon/Shucking/07_depth/Lurida_02_EKDL210004790-1a-AK11600-AK6934_HHJYYDSX2_L3_depth.gz,0.229536622551061,7.28649540835961,2.64399778658271,0.176865690109653,0,0.0868142264399054
/home/projects/dp_00007/people/hmon/Shucking/07_depth/Lurida_03_EKDL210004789-1a-AK11591-AK16275_HHJYYDSX2_L2_depth.gz,0.155556261581858,6.33644385203271,2.2306701374425,0.119519527082285,0,0.0697352149790195
/home/projects/dp_00007/people/hmon/Shucking/07_depth/Lurida_05_EKDL210004790-1a-AK11605-AK16247_HHJYYDSX2_L3_depth.gz,0.316338748624712,8.54494098886851,3.15379807123938,0.238295560796011,0,0.10030405925777
/home/projects/dp_00007/people/hmon/Shucking/07_depth/Lurida_06_EKDL210004790-1a-AK11426-AK5939_HHJYYDSX2_L3_depth.gz,0.232079379978467,7.38375698022226,2.67254908742028,0.176792283909035,0,0.0868382104077347
/home/projects/dp_00007/people/hmon/Shucking/07_depth/Lurida_07_EKDL210004788-1a-AK12629-AK16244_HHJYYDSX2_L1_depth.gz,0.304125239319947,8.55936940289684,3.03341704894003,0.229714452881089,0,0.100258300923812
/home/projects/dp_00007/people/hmon/Shucking/07_depth/Lurida_08_EKDL210005548-1a-AK11473-AK16281_HHJKNDSX2_L4_depth.gz,0.183289669440031,6.80646860776963,2.38487847754945,0.140114337761001,0,0.0768549304148585
/home/projects/dp_00007/people/hmon/Shucking/07_depth/Lurida_09_EKDL210004788-1a-AK11381-AK16293_HHJYYDSX2_L1_depth.gz,0.30297203933543,8.38393545057155,3.00431897410293,0.230320900545433,0,0.100845496748815
