bamfile,mean_depth,sd_depth,mean_depth_nonzero,mean_depth_within2sd,median,proportion_of_reference_covered
/home/projects/dp_00007/people/hmon/Shucking/07_depth/CORS_01_EKDL210004788-1a-AK11479-AK16234_HHJYYDSX2_L1_depth.gz,1.92448239372151,3.41725388734588,2.65378243595702,1.84482520248069,2,0.725184690216621
/home/projects/dp_00007/people/hmon/Shucking/07_depth/CORS_02_EKDL210004790-1a-AK11485-AK16252_HHJYYDSX2_L3_depth.gz,0.57747951174505,1.12891503345973,1.44834151041856,0.47473953902125,0,0.39871778002007
/home/projects/dp_00007/people/hmon/Shucking/07_depth/CORS_06_EKDL210004790-1a-AK11464-AK16277_HHJYYDSX2_L3_depth.gz,1.84182012192206,2.63508797963298,2.58662719797984,1.73472115766954,1,0.71205472646396
/home/projects/dp_00007/people/hmon/Shucking/07_depth/CORS_08_EKDL210005548-1a-AK11495-AK16238_HHJKNDSX2_L4_depth.gz,1.47276184767542,2.37290430334547,2.2349335459376,1.40085840043761,1,0.658973440330001
