bamfile,mean_depth,sd_depth,mean_depth_nonzero,mean_depth_within2sd,median,proportion_of_reference_covered
/home/projects/dp_00007/people/hmon/Shucking/07_depth/WADD_01_EKDL210004790-1a-AK11246-AK16274_HHJYYDSX2_L3_depth.gz,1.37037146174739,2.27332686103018,2.16911310243393,1.25354162287935,1,0.631765794144096
/home/projects/dp_00007/people/hmon/Shucking/07_depth/WADD_02_EKDL200012859-1a-AK11479-AK16234_HNLVYDSXY_L1_depth.gz,0.870053481299862,1.60308912817358,1.73031665985709,0.800452256751354,1,0.502829049436376
/home/projects/dp_00007/people/hmon/Shucking/07_depth/WADD_03_EKDL200012859-1a-AK11630-AK16248_HNLVYDSXY_L1_depth.gz,0.868755116543439,1.42346317922284,1.70408715480455,0.750577693380689,1,0.509806739692845
/home/projects/dp_00007/people/hmon/Shucking/07_depth/WADD_05_EKDL210005548-1a-AK11726-AK16225_HHJKNDSX2_L4_depth.gz,2.40636134470406,2.95752249089149,3.12916876183721,2.26389899892499,2,0.769009768361265
/home/projects/dp_00007/people/hmon/Shucking/07_depth/WADD_10_EKDL210004789-1a-AK11460-AK16272_HHJYYDSX2_L2_depth.gz,1.48203888955171,2.80112851696695,2.28302169406218,1.39905981761041,1,0.649156726546356
/home/projects/dp_00007/people/hmon/Shucking/07_depth/WADD_11_EKDL210005548-1a-AK11677-AK5989_HHJKNDSX2_L4_depth.gz,1.3607027131957,2.55266242451416,2.1163859444559,1.30145516901307,1,0.642936944823515
/home/projects/dp_00007/people/hmon/Shucking/07_depth/WADD_12_EKDL210004790-1a-AK11512-AK16284_HHJYYDSX2_L3_depth.gz,2.63341409408108,4.91227895409859,3.38772786435579,2.51676909055719,2,0.77733932580267
/home/projects/dp_00007/people/hmon/Shucking/07_depth/WADD_13_EKDL210005548-1a-AK11485-AK16252_HHJKNDSX2_L4_depth.gz,2.69004804682172,5.26919353756479,3.44414409004208,2.57197106024454,2,0.78104979829349
/home/projects/dp_00007/people/hmon/Shucking/07_depth/WADD_14_EKDL210004788-1a-AK11475-AK16282_HHJYYDSX2_L1_depth.gz,1.2534361360471,2.06889439537763,2.03180112329141,1.17124123779459,1,0.616908870498355
/home/projects/dp_00007/people/hmon/Shucking/07_depth/WADD_15_EKDL210004789-1a-AK11428-AK16253_HHJYYDSX2_L2_depth.gz,1.124471643124,1.81987281144504,1.92602837554131,1.01022375900805,1,0.583829219446347
